{
    "autentikasi": {
        "login-1": {
            "username": "bnet",
            "password": "nocbnet137"
        },
        "login-2": {
            "username": "teknisi",
            "password": "teknisibnet"
        },
        "login-3": {
            "username": "admin",
            "password": "N0c13isa"
        },
        "login-4": {
            "password": "N0c13isa"
        },
        "login-5": {
            "username": "ubnt",
            "password": "N0c13isa"
        },
        "login-6": {
            "username": "noc",
            "password": "Bnetcore137"
        },
        "login-7": {
            "username": "btools",
            "password": "netbtools23"
        },
        "login-8": {
            "username": "mubin",
            "password": "mubin4321"
        },
        "login-9": {
            "username": "noc",
            "password": "Bnetdistri137"
        },
        "login-10": {
            "username": "noc",
            "password": "N0c13isa"
        }
    }
}