{
    "link_main":{
        "device": [
            {
                "identity": "PTP-B_POP001-POP003-130-9",
                "ip": "10.3.192.2",
                "station": [
                    {
                        "identity": "radiobackup_popklari",
                        "ip": "10.3.192.3",
                        "mac_address": "58:c1:7a:49:c1:39",
                        "autentikasi": "login-3",
                        "min-bandwidth": 50
                    }
                ],
                "media": "Wireless",
                "vendor": "Cambium",
                "autentikasi": "login-3"
            },
            {
                "identity": "PTP-B_POP001-POP015-173-8",
                "ip": "10.1.224.2",
                "station": [
                    {
                        "identity": "PTP-B_POP001-POP015-00-0",
                        "ip": "10.1.224.3",
                        "mac_address": "00:04:56:F4:29:39",
                        "autentikasi": "login-3",
                        "min-bandwidth": 100
                    }
                ],
                "media": "Wireless",
                "vendor": "Cambium",
                "autentikasi": "login-3"
            },
            {
                "identity": "RTR-B_Distribution-POP001-001-A201",
                "ip": "10.15.224.1",
                "station": [
                    {
                        "identity": "RTR-B_Distribution-POP015-001-1",
                        "ip": "10.15.224.2",
                        "autentikasi": "login-2",
                        "min-bandwidth": 200
                    }
                ],
                "media": "Fiber Optic",
                "vendor": "MikroTik",
                "autentikasi": "login-7"
            },
            {
                "identity": "PTP-B_POP001-POP002-318-4",
                "ip": "10.2.192.2",
                "station": [
                    {
                        "identity": "PTP-B_POP002-POP001-150-5",
                        "ip": "10.2.192.3",
                        "autentikasi": "login-2",
                        "min-bandwidth": 70
                    }
                ],
                "media": "Wireless",
                "vendor": "MikroTik",
                "autentikasi": "login-2"
            },
            {
                "identity": "RTR-B_Distribution-POP001-001-A201",
                "ip": "10.2.224.1",
                "station": [
                    {
                        "identity": "RTR-B_Distribution-POP002-001-A1",
                        "ip": "10.2.224.2",
                        "autentikasi": "login-2",
                        "min-bandwidth": 1000
                    }
                ],
                "media": "Fiber Optic",
                "vendor": "MikroTik",
                "autentikasi": "login-7"
            },
            {
                "identity": "RTR-B_Distribution-POP001-001-A201",
                "ip": "103.73.72.7",
                "station": [
                    {
                        "identity": "RTR-B_Distribution-POP004-001-A1",
                        "ip": "103.73.72.30",
                        "autentikasi": "login-2",
                        "min-bandwidth": 100
                    }
                ],
                "media": "Wireless",
                "vendor": "MikroTik",
                "autentikasi": "login-7"
            },
            {
                "identity": "PTP-B_POP001-POP014-119-10",
                "ip": "10.14.192.2",
                "station": [
                    {
                        "identity": "PTP-B_POP014-POP001-119-10",
                        "ip": "10.14.192.3",
                        "mac_address": "00:04:56:2a:af:73",
                        "autentikasi": "login-3",
                        "min-bandwidth": 50
                    }
                ],
                "media": "Wireless",
                "vendor": "Cambium",
                "autentikasi": "login-3"
            },
            {
                "identity": "RTR-B_Distribution-POP001-001-A201",
                "ip": "103.73.72.7",
                "station": [
                    {
                        "identity": "RTR-B_Distribution-POP050-A1",
                        "ip": "103.73.72.166",
                        "autentikasi": "login-9",
                        "min-bandwidth": 1000
                    }
                ],
                "media": "Fiber Optic",
                "vendor": "MikroTik",
                "autentikasi": "login-7"
            },
            {
                "identity": "RTR-B_Distribution-POP001-001-A201",
                "ip": "10.1.224.21",
                "station": [
                    {
                        "identity": "RTR-B_MiniPOP001-001-1",
                        "ip": "10.1.224.22",
                        "autentikasi": "login-2",
                        "min-bandwidth": 100
                    }
                ],
                "media": "Fiber Optic",
                "vendor": "MikroTik",
                "autentikasi": "login-7"
            },
            {
                "identity": "PTP-B_POP001-POP012-161-1",
                "ip": "10.12.192.2",
                "station": [
                    {
                        "identity": "PTP-B_POP001-POP012-161-0",
                        "ip": "10.12.192.3",
                        "autentikasi": "login-2",
                        "min-bandwidth": 100
                    }
                ],
                "media": "Wireless",
                "vendor": "MikroTik",
                "autentikasi": "login-2"
            },
            {
                "identity": "RTR-B_Distribution-POP002-001-A1",
                "ip": "103.73.72.224",
                "station": [
                    {
                        "identity": "RTR-B_Distribution-POP017-001-1",
                        "ip": "103.73.72.35",
                        "autentikasi": "login-2",
                        "min-bandwidth": 400
                    }
                ],
                "media": "Wireless",
                "vendor": "MikroTik",
                "autentikasi": "login-2"
            },
            {
                "identity": "RTR-B_Distribution-POP002-001-A1",
                "ip": "10.10.224.1",
                "station": [
                    {
                        "identity": "RTR-B_Distribution-POP010-001-1",
                        "ip": "10.10.224.2",
                        "autentikasi": "login-9",
                        "min-bandwidth": 100
                    }
                ],
                "media": "Wireless",
                "vendor": "MikroTik",
                "autentikasi": "login-2"
            },
            {
                "identity": "APT-B_POP004-001-90-5",
                "ip": "10.4.130.2",
                "station": [
                    {
                        "identity": "PTP-B_POP004-POP019-90-5",
                        "ip": "10.4.130.4",
                        "autentikasi": "login-2",
                        "min-bandwidth": 100
                    }
                ],
                "media": "Wireless",
                "vendor": "MikroTik",
                "autentikasi": "login-2"
            },
            {
                "identity": "PTP-B_POP004-POP007-64-5",
                "ip": "10.7.192.2",
                "station": [
                    {
                        "identity": "PTP-B_POP007-POP004-258-6",
                        "ip": "10.7.192.3",
                        "autentikasi": "login-2",
                        "min-bandwidth": 100
                    }
                ],
                "media": "Wireless",
                "vendor": "MikroTik",
                "autentikasi": "login-2"
            },
            {
                "identity": "PTP-B_POP004-POP014-49-5",
                "ip": "10.14.192.10",
                "station": [
                    {
                        "identity": "PTP-B_POP004-POP014-00-0",
                        "ip": "10.14.192.11",
                        "autentikasi": "login-2",
                        "min-bandwidth": 100
                    }
                ],
                "media": "Wireless",
                "vendor": "MikroTik",
                "autentikasi": "login-2"
            },
            {
                "identity": "PTP-B_POP005_MP-CGK064-02-201-6",
                "ip": "10.5.134.2",
                "station": [
                    {
                        "identity": "PTP-B_POP005_MP-CGK064-02-21-7",
                        "ip": "10.5.134.3",
                        "autentikasi": "login-10",
                        "min-bandwidth": 100
                    }
                ],
                "media": "Wireless",
                "vendor": "MikroTik",
                "autentikasi": "login-10"
            },
            {
                "identity": "APT-B_POP010-POP006-316-5",
                "ip": "10.6.192.2",
                "station": [
                    {
                        "identity": "PTP-B_POP010-POP006-316-5",
                        "ip": "10.6.192.3",
                        "autentikasi": "login-10",
                        "min-bandwidth": 100
                    }
                ],
                "media": "Wireless",
                "vendor": "MikroTik",
                "autentikasi": "login-10"
            },
            {
                "identity": "PTP-B_POP006-POP018-303-4",
                "ip": "10.18.192.2",
                "station": [
                    {
                        "identity": "PTP-B_POP018-POP006-120-5",
                        "ip": "10.18.192.3",
                        "mac_address": "58:C1:7A:AD:25:71",
                        "autentikasi": "login-3",
                        "min-bandwidth": 100
                    }
                ],
                "media": "Wireless",
                "vendor": "Cambium",
                "autentikasi": "login-3"
            },
            {
                "identity": "PTP-B_POP015-POP003-002-00-0",
                "ip": "10.3.192.10",
                "station": [
                    {
                        "identity": "PTP-B_POP015-POP003-001-300-5",
                        "ip": "10.3.192.11",
                        "autentikasi": "login-2",
                        "min-bandwidth": 100
                    }
                ],
                "media": "Wireless",
                "vendor": "MikroTik",
                "autentikasi": "login-2"
            },
            {
                "identity": "RTR-B_Distribution-POP001-001-A201",
                "ip": "10.5.224.17",
                "station": [
                    {
                        "identity": "RTR-B_Distribution-POP005-001-1",
                        "ip": "10.5.224.18",
                        "autentikasi": "login-2",
                        "min-bandwidth": 200
                    }
                ],
                "media": "Wireless",
                "vendor": "MikroTik",
                "autentikasi": "login-7"
            },
            {
                "identity": "RTR-B_Distribution-POP020-001-1",
                "ip": "10.11.224.1",
                "station": [
                    {
                        "identity": "RTR-B_Distribution-POP011-001-A201",
                        "ip": "10.11.224.2",
                        "autentikasi": "login-2",
                        "min-bandwidth": 100
                    }
                ],
                "media": "Wireless",
                "vendor": "MikroTik",
                "autentikasi": "login-7"
            },
            {
                "identity": "RTR-B_Distribution-POP001-001-A201",
                "ip": "103.73.72.7",
                "station": [
                    {
                        "identity": "RTR-B_Distribution-POP016-001-1",
                        "ip": "103.73.72.29",
                        "autentikasi": "login-2",
                        "min-bandwidth": 100
                    }
                ],
                "media": "Fiber Optic",
                "vendor": "MikroTik",
                "autentikasi": "login-7"
            },
            {
                "identity": "RTR-B_Distribution-POP001-001-A201",
                "ip": "103.73.72.7",
                "station": [
                    {
                        "identity": "RTR-B_Distribution-POP003-001-A1",
                        "ip": "10.3.224.14",
                        "autentikasi": "login-2",
                        "min-bandwidth": 100
                    }
                ],
                "media": "Fiber Optic",
                "vendor": "MikroTik",
                "autentikasi": "login-7"
            },
            {
                "identity": "RTR-B_Distribution-POP001-001-A201",
                "ip": "103.73.72.7",
                "station": [
                    {
                        "identity": "RTR-B_Distribution-POP008-001-A1",
                        "ip": "10.8.224.2",
                        "autentikasi": "login-7",
                        "min-bandwidth": 500
                    }
                ],
                "media": "Fiber Optic",
                "vendor": "MikroTik",
                "autentikasi": "login-7"
            },
            {
                "identity": "RTR-B_Distribution-POP001-001-A201",
                "ip": "103.73.72.7",
                "station": [
                    {
                        "identity": "RTR-B_Distribution_POP013-001-A201",
                        "ip": "10.13.224.2",
                        "autentikasi": "login-7",
                        "min-bandwidth": 500
                    }
                ],
                "media": "Fiber Optic",
                "vendor": "MikroTik",
                "autentikasi": "login-7"
            },
            {
                "identity": "RTR-B_Distribution-POP008-001-A1",
                "ip": "10.20.224.1",
                "station": [
                    {
                        "identity": "RTR-B_Distribution-POP020-001-1",
                        "ip": "10.20.224.2",
                        "autentikasi": "login-7",
                        "min-bandwidth": 50
                    }
                ],
                "media": "Wireless",
                "vendor": "MikroTik",
                "autentikasi": "login-7"
            },
            {
                "identity": "RTR-B_Distribution-POP008-001-A1",
                "ip": "10.10.224.9",
                "station": [
                    {
                        "identity": "RTR-B_Distribution-POP010-001-1",
                        "ip": "10.10.224.10",
                        "autentikasi": "login-7",
                        "min-bandwidth": 50
                    }
                ],
                "media": "Wireless",
                "vendor": "MikroTik",
                "autentikasi": "login-7"
            },
            {
                "identity": "RTR-B_Distribution-POP004-001-A1",
                "ip": "10.14.224.5",
                "station": [
                    {
                        "identity": "RTR-B_Core-POP014-001-A1",
                        "ip": "10.14.224.6",
                        "autentikasi": "login-7",
                        "min-bandwidth": 50
                    }
                ],
                "media": "Wireless",
                "vendor": "MikroTik",
                "autentikasi": "login-7"
            }
        ]
    }
}
