{
    "link_transit": {
        "device": [
            {
                "identity": "RTR-B_BGPNDC-POP001-A204",
                "ip": "103.73.72.1",
                "routing": {
                    "params": "sessions",
                    "bgp":[
                        {
                            "name": "MoraIXP1"
                        },
                        {
                            "name": "IX_NDC"
                        },
                        {
                            "name": "SuperIIX_NDC"
                        }
                    ]
                },
                "vendor": "MikroTik",
                "autentikasi": "login-6"
            },
            {
                "identity": "RTR-B_IX-IDC-AU221",
                "ip": "103.73.72.2",
                "routing": {
                    "params": "peers",
                    "bgp": [
                        {
                            "name": "MoraIXP1"
                        },
                        {
                            "name": "SuperIX-Inter"
                        }
                    ]
                },
                "vendor": "MikroTik",
                "autentikasi": "login-6"
            },
            {
                "identity": "RTR-B_BGPDistribution-IDC-AU221",
                "ip": "103.73.72.3",
                "routing": {
                    "params": "peers",
                    "bgp": [
                        {
                            "name": "OIXP"
                        },
                        {
                            "name": "SuperIIX"
                        }
                    ]
                },
                "vendor": "MikroTik",
                "autentikasi": "login-6"
            },
            {
                "identity": "RTR-B_IIX-CDC-2A0816",
                "ip": "103.73.72.42",
                "routing": {
                    "params": "peers",
                    "bgp": [
                        {
                            "name": "IIX1"
                        },
                        {
                            "name": "IIX2"
                        }
                    ]
                },
                "vendor": "MikroTik",
                "autentikasi": "login-6"
            },
            {
                "identity": "RTR-B_BGPDist-APJII-U_HYPERINDO",
                "ip": "103.73.72.43",
                "routing": {
                    "params": "peers",
                    "bgp": [
                        {
                            "name": "CDIX"
                        },
                        {
                            "name": "CDIX-Backup"
                        },
                        {
                            "name": "JKT-IX"
                        },
                        {
                            "name": "JKT-IX_Backup"
                        }
                    ]
                },
                "vendor": "MikroTik",
                "autentikasi": "login-6"
            }
        ]
    }
}