{
    "link_backup": {
        "device": [
            {
                "identity": "APT-B_POP001-002-282-9",
                "ip": "10.1.129.2",
                "station": [
                    {
                        "identity": "prkp",
                        "ip": "10.1.129.7",
                        "autentikasi": "login-2",
                        "min-bandwidth": 30
                    }
                ],
                "media": "Wireless",
                "vendor": "MikroTik",
                "autentikasi": "login-2"
            },
            {
                "identity": "APT-B_POP001-006-62-5",
                "ip": "10.1.136.2",
                "station": [
                    {
                        "identity": "pupr",
                        "ip": "10.1.136.3",
                        "autentikasi": "login-2",
                        "min-bandwidth": 100
                    }
                ],
                "media": "Wireless",
                "vendor": "MikroTik",
                "autentikasi": "login-2"
            },
            {
                "identity": "APT-B_POP001-009-211-4",
                "ip": "10.1.142.2",
                "station": [
                    {
                        "identity": "RSUD Karawang",
                        "ip": "10.1.142.3",
                        "autentikasi": "login-2",
                        "min-bandwidth": 100
                    }
                ],
                "media": "Wireless",
                "vendor": "MikroTik",
                "autentikasi": "login-2"
            },
            {
                "identity": "APT-B_POP002-009-69-3",
                "ip": "10.2.138.2",
                "station": [
                    {
                        "identity": "BPKAD",
                        "ip": "10.2.138.3",
                        "autentikasi": "login-2",
                        "min-bandwidth": 175
                    }
                ],
                "media": "Wireless",
                "vendor": "MikroTik",
                "autentikasi": "login-2"
            },
            {
                "identity": "APT-B_POP002-011-92-4",
                "ip": "10.2.141.2",
                "station": [
                    {
                        "identity": "Bapenda",
                        "ip": "10.2.141.3",
                        "autentikasi": "login-2",
                        "min-bandwidth": 400
                    }
                ],
                "media": "Wireless",
                "vendor": "MikroTik",
                "autentikasi": "login-2"
            },
            {
                "identity": "APT-B_POP002-007-250-5",
                "ip": "10.2.134.2",
                "station": [
                    {
                        "identity": "Mandaya",
                        "ip": "10.2.134.3",
                        "autentikasi": "login-2",
                        "min-bandwidth": 50
                    }
                ],
                "media": "Wireless",
                "vendor": "MikroTik",
                "autentikasi": "login-2"
            }
        ]
    }
}
