{
    "link_sfp": {
        "device":[
            {
                "identity": "RTR-B_BGPNDC-POP001-A204",
                "ip": "103.73.72.1",
                "interface": [
                    {
                        "name":"sfp-sfpplus1-MetroMTI"
                    },
                    {
                        "name":"vlan100-MoraIXP1_NDC"
                    },
                    {
                        "name":"vlan2018-NDC"
                    },
                    {
                        "name":"vlan1951-MoraIXP2_NDC"
                    },
                    {
                        "name":"vlan3410-IX_NDC"
                    },
                    {
                        "name":"vlan3635-Super-IIX_NDC"
                    },
                    {
                        "name":"vlan3411-NDC_IDC"
                    },
                    {
                        "name":"sfp-sfpplus2-SWC_Core"
                    }
                ],
                "vendor": "MikroTik",
                "autentikasi": "login-6"
            },
            {
                "identity": "RTR-B_BGPDistribution-IDC-AU221",
                "ip": "103.73.72.3",
                "interface": [
                    {
                        "name":"vlan2709"
                    },
                    {
                        "name":"vlan1609"
                    },
                    {
                        "name":"vlan21"
                    },
                    {
                        "name":"sfp-sfpplus2"
                    },
                    {
                        "name":"sfp-sfpplus1"
                    }
                ],
                "vendor": "MikroTik",
                "autentikasi": "login-6"
            },
            {
                "identity": "RTR-B_CoreDistri-IDC-AU221",
                "ip": "103.73.72.77",
                "interface": [
                    {
                        "name":"vlan20"
                    },
                    {
                        "name":"vlan3411"
                    },
                    {
                        "name":"sfp-sfpplus2"
                    },
                    {
                        "name":"sfp-sfpplus1"
                    }
                ],
                "vendor": "MikroTik",
                "autentikasi": "login-6"
            },
            {
                "identity": "RTR-B_Core-POP001-A204",
                "ip": "103.73.72.6",
                "interface": [
                    {
                        "name":"vlan2605"
                    },
                    {
                        "name":"vlan2606"
                    },
                    {
                        "name":"sfp-sfpplus2"
                    },
                    {
                        "name":"sfp-sfpplus1"
                    }
                ],
                "vendor": "MikroTik",
                "autentikasi": "login-6"
            }
        ]
    }
}