{
    "link_peering": {
        "device": [
            {
                "identity": "RTR-B_IX-IDC-AU221",
                "ip": "103.73.72.2",
                "routing": {
                    "params": "peers",
                    "bgp": [
                        {
                            "name": "Wahana"
                        },
                        {
                            "name": "Kominfo"
                        },
                        {
                            "name": "IDCloudhost"
                        }
                    ]
                },
                "vendor": "MikroTik",
                "autentikasi": "login-6"
            },
            {
                "identity": "RTR-B_BGPDistribution-IDC-AU221",
                "ip": "103.73.72.3",
                "routing": {
                    "params": "peers",
                    "bgp": [
                        {
                            "name": "Kominfo_PE"
                        },
                        {
                            "name": "Solnet"
                        },
                        {
                            "name": "Wahana-CDIX"
                        },
                        {
                            "name": "Wahana-IIX"
                        }
                    ]
                },
                "vendor": "MikroTik",
                "autentikasi": "login-6"
            },
            {
                "identity": "RTR-B_IIX-CDC-2A0816",
                "ip": "103.73.72.42",
                "routing": {
                    "params": "peers",
                    "bgp": [
                        {
                            "name": "BaliTower"
                        },
                        {
                            "name": "PCH_AS42_NEW"
                        },
                        {
                            "name": "PCH_AS3586_NEW"
                        }
                    ]
                },
                "vendor": "MikroTik",
                "autentikasi": "login-6"
            },
            {
                "identity": "RTR-B_BGPDist-APJII-U_HYPERINDO",
                "ip": "103.73.72.43",
                "routing": {
                    "params": "peers",
                    "bgp": [
                        {
                            "name": "CATONET"
                        }
                    ]
                },
                "vendor": "MikroTik",
                "autentikasi": "login-6"
            }
        ]
    }
}